ID, Prenom, Nom, email
UOM123456, Olivia, Matthews, olivia.matthews@email.com
UNJ654321, Noah, Johnson, noah.johnson@email.com
UAW789123, Ava, Williams, ava.wiliams@email.com
ULB345678, Liam, Brown, liam.brown@email.com
UED987654, Emma, Davis, emma.davis@email.com
UCM234567, Christie, Monterro, christie.monterro@email.com
UNW456789, Nina, Williams, nina.wiliams@email.com
UAK123987, Asuka, Kazama, asuka.kazama@email.com
UMJ112233, Martha, Jean, jean.martha@email.com
UTP654987, Trevor, Paul, paul.trevor@email.com
UMP576691, Maximus, Andre, pierremaximus@email.com
